{"monitor":13,"monitor_size_list":[4.593894958496094,5.499858856201172,5.384441375732422,4.861595153808594,0.8287773132324219,4.91046142578125,4.806865692138672,5.102928161621094,5.105937957763672,5.526287078857422,5.270042419433594,5.221965789794922,5.253948211669922]}